date,ticker,value
2023-01-03 00:00:00-05:00,AAPL,100000.0
2023-01-03 00:00:00-05:00,GOOGL,100000.0
2023-01-03 00:00:00-05:00,MSFT,100000.0
2023-01-04 00:00:00-05:00,AAPL,100000.0
2023-01-04 00:00:00-05:00,GOOGL,100000.0
2023-01-04 00:00:00-05:00,MSFT,100000.0
2023-01-05 00:00:00-05:00,AAPL,100000.0
2023-01-05 00:00:00-05:00,GOOGL,100000.0
2023-01-05 00:00:00-05:00,MSFT,100000.0
2023-01-06 00:00:00-05:00,AAPL,100000.0
2023-01-06 00:00:00-05:00,GOOGL,100000.0
2023-01-06 00:00:00-05:00,MSFT,100000.0
2023-01-09 00:00:00-05:00,AAPL,100000.0
2023-01-09 00:00:00-05:00,GOOGL,100000.0
2023-01-09 00:00:00-05:00,MSFT,100000.0
2023-01-10 00:00:00-05:00,AAPL,100000.0
2023-01-10 00:00:00-05:00,GOOGL,100000.0
2023-01-10 00:00:00-05:00,MSFT,100000.0
2023-01-11 00:00:00-05:00,AAPL,100000.0
2023-01-11 00:00:00-05:00,GOOGL,100000.0
2023-01-11 00:00:00-05:00,MSFT,100000.0
2023-01-12 00:00:00-05:00,AAPL,100000.0
2023-01-12 00:00:00-05:00,GOOGL,100000.0
2023-01-12 00:00:00-05:00,MSFT,100000.0
2023-01-13 00:00:00-05:00,AAPL,100000.0
2023-01-13 00:00:00-05:00,GOOGL,100000.0
2023-01-13 00:00:00-05:00,MSFT,100000.0
2023-01-17 00:00:00-05:00,AAPL,100000.0
2023-01-17 00:00:00-05:00,GOOGL,100000.0
2023-01-17 00:00:00-05:00,MSFT,100000.0
2023-01-18 00:00:00-05:00,AAPL,100000.0
2023-01-18 00:00:00-05:00,GOOGL,100000.0
2023-01-18 00:00:00-05:00,MSFT,100000.0
2023-01-19 00:00:00-05:00,AAPL,100000.0
2023-01-19 00:00:00-05:00,GOOGL,100000.0
2023-01-19 00:00:00-05:00,MSFT,100000.0
2023-01-20 00:00:00-05:00,AAPL,100000.0
2023-01-20 00:00:00-05:00,GOOGL,100000.0
2023-01-20 00:00:00-05:00,MSFT,100000.0
2023-01-23 00:00:00-05:00,AAPL,100000.0
2023-01-23 00:00:00-05:00,GOOGL,100000.0
2023-01-23 00:00:00-05:00,MSFT,100000.0
2023-01-24 00:00:00-05:00,AAPL,100000.0
2023-01-24 00:00:00-05:00,GOOGL,100000.0
2023-01-24 00:00:00-05:00,MSFT,100000.0
2023-01-25 00:00:00-05:00,AAPL,100000.0
2023-01-25 00:00:00-05:00,GOOGL,100000.0
2023-01-25 00:00:00-05:00,MSFT,100000.0
2023-01-26 00:00:00-05:00,AAPL,100000.0
2023-01-26 00:00:00-05:00,GOOGL,100000.0
2023-01-26 00:00:00-05:00,MSFT,100000.0
2023-01-27 00:00:00-05:00,AAPL,100000.0
2023-01-27 00:00:00-05:00,GOOGL,100000.0
2023-01-27 00:00:00-05:00,MSFT,100000.0
2023-01-30 00:00:00-05:00,AAPL,100000.0
2023-01-30 00:00:00-05:00,GOOGL,100000.0
2023-01-30 00:00:00-05:00,MSFT,100000.0
2023-01-31 00:00:00-05:00,AAPL,100000.0
2023-01-31 00:00:00-05:00,GOOGL,100000.0
2023-01-31 00:00:00-05:00,MSFT,100000.0
2023-02-01 00:00:00-05:00,AAPL,100000.0
2023-02-01 00:00:00-05:00,GOOGL,100000.0
2023-02-01 00:00:00-05:00,MSFT,100000.0
2023-02-02 00:00:00-05:00,AAPL,100000.0
2023-02-02 00:00:00-05:00,GOOGL,100000.0
2023-02-02 00:00:00-05:00,MSFT,100000.0
2023-02-03 00:00:00-05:00,AAPL,100000.0
2023-02-03 00:00:00-05:00,GOOGL,100000.0
2023-02-03 00:00:00-05:00,MSFT,100000.0
2023-02-06 00:00:00-05:00,AAPL,100000.0
2023-02-06 00:00:00-05:00,GOOGL,100000.0
2023-02-06 00:00:00-05:00,MSFT,100000.0
2023-02-07 00:00:00-05:00,AAPL,100000.0
2023-02-07 00:00:00-05:00,GOOGL,100000.0
2023-02-07 00:00:00-05:00,MSFT,100000.0
2023-02-08 00:00:00-05:00,AAPL,100000.0
2023-02-08 00:00:00-05:00,GOOGL,100000.0
2023-02-08 00:00:00-05:00,MSFT,100000.0
2023-02-09 00:00:00-05:00,AAPL,100000.0
2023-02-09 00:00:00-05:00,GOOGL,100000.0
2023-02-09 00:00:00-05:00,MSFT,100000.0
2023-02-10 00:00:00-05:00,AAPL,100000.0
2023-02-10 00:00:00-05:00,GOOGL,100000.0
2023-02-10 00:00:00-05:00,MSFT,100000.0
2023-02-13 00:00:00-05:00,AAPL,100000.0
2023-02-13 00:00:00-05:00,GOOGL,100000.0
2023-02-13 00:00:00-05:00,MSFT,100000.0
2023-02-14 00:00:00-05:00,AAPL,100000.0
2023-02-14 00:00:00-05:00,GOOGL,62127.79457767774
2023-02-14 00:00:00-05:00,MSFT,176197.58560319777
2023-02-15 00:00:00-05:00,AAPL,101390.33955561208
2023-02-15 00:00:00-05:00,GOOGL,63610.771122450846
2023-02-15 00:00:00-05:00,MSFT,174789.23777102208
2023-02-16 00:00:00-05:00,AAPL,100332.90160418533
2023-02-16 00:00:00-05:00,GOOGL,62672.42421785226
2023-02-16 00:00:00-05:00,MSFT,170135.91922794998
2023-02-17 00:00:00-05:00,AAPL,99575.72902835591
2023-02-17 00:00:00-05:00,GOOGL,61911.24756712208
2023-02-17 00:00:00-05:00,MSFT,167481.48920197584
2023-02-21 00:00:00-05:00,AAPL,96919.05551317855
2023-02-21 00:00:00-05:00,GOOGL,60231.41239013695
2023-02-21 00:00:00-05:00,MSFT,163983.37644923874
2023-02-22 00:00:00-05:00,AAPL,97199.74317581895
2023-02-22 00:00:00-05:00,GOOGL,60139.545028438
2023-02-22 00:00:00-05:00,MSFT,-42951.429766614754
2023-02-23 00:00:00-05:00,AAPL,-25660.674442012954
2023-02-23 00:00:00-05:00,GOOGL,-15693.507676744603
2023-02-23 00:00:00-05:00,MSFT,12121.142222345688
2023-02-24 00:00:00-05:00,AAPL,7020.209512169747
2023-02-24 00:00:00-05:00,GOOGL,4287.465581160741
2023-02-24 00:00:00-05:00,MSFT,-3282.15942071413
2023-02-27 00:00:00-05:00,AAPL,-1959.290741988856
2023-02-27 00:00:00-05:00,GOOGL,-1196.6663028650564
2023-02-27 00:00:00-05:00,MSFT,901.2066861462264
2023-02-28 00:00:00-05:00,AAPL,534.1072231486096
2023-02-28 00:00:00-05:00,GOOGL,328.03483835765803
2023-02-28 00:00:00-05:00,MSFT,-242.47094282022962
2023-03-01 00:00:00-05:00,AAPL,-142.07545770954067
2023-03-01 00:00:00-05:00,GOOGL,-88.81498651113708
2023-03-01 00:00:00-05:00,MSFT,61.77875352099669
2023-03-02 00:00:00-05:00,AAPL,36.81356099110535
2023-03-02 00:00:00-05:00,GOOGL,23.33441825122974
2023-03-02 00:00:00-05:00,MSFT,-16.324071294878717
2023-03-03 00:00:00-05:00,AAPL,-22.773468615842205
2023-03-03 00:00:00-05:00,GOOGL,-14.195810245292193
2023-03-03 00:00:00-05:00,MSFT,9.88244963992729
2023-03-06 00:00:00-05:00,AAPL,13.775723466251549
2023-03-06 00:00:00-05:00,GOOGL,18.987436300192037
2023-03-06 00:00:00-05:00,MSFT,-12.733621145156361
2023-03-07 00:00:00-05:00,AAPL,-17.908789037203864
2023-03-07 00:00:00-05:00,GOOGL,-24.671195764732634
2023-03-07 00:00:00-05:00,MSFT,16.72972784854514
2023-03-08 00:00:00-05:00,AAPL,23.338625120927546
2023-03-08 00:00:00-05:00,GOOGL,32.21217390046546
2023-03-08 00:00:00-05:00,MSFT,-21.33423219436226
2023-03-09 00:00:00-05:00,AAPL,-29.932030551448896
2023-03-09 00:00:00-05:00,GOOGL,-41.41720950274489
2023-03-09 00:00:00-05:00,MSFT,29.12360306067942
2023-03-10 00:00:00-05:00,AAPL,41.008089823203264
2023-03-10 00:00:00-05:00,GOOGL,56.85671279637434
2023-03-10 00:00:00-05:00,MSFT,-40.53185658045349
2023-03-13 00:00:00-04:00,AAPL,-56.38867191695451
2023-03-13 00:00:00-04:00,GOOGL,-78.45361756831758
2023-03-13 00:00:00-04:00,MSFT,59.34584160022715
2023-03-14 00:00:00-04:00,AAPL,82.82306908439396
2023-03-14 00:00:00-04:00,GOOGL,114.37170518246488
2023-03-14 00:00:00-04:00,MSFT,-85.19093446728982
2023-03-15 00:00:00-04:00,AAPL,-120.11746431347788
2023-03-15 00:00:00-04:00,GOOGL,-75.8574309343416
2023-03-15 00:00:00-04:00,MSFT,55.49686976636816
2023-03-16 00:00:00-04:00,AAPL,78.22165707496654
2023-03-16 00:00:00-04:00,GOOGL,50.61673726847555
2023-03-16 00:00:00-04:00,MSFT,-36.598150393202545
2023-03-17 00:00:00-04:00,AAPL,-52.539541756071216
2023-03-17 00:00:00-04:00,GOOGL,-34.627426133045596
2023-03-17 00:00:00-04:00,MSFT,24.91945077981457
2023-03-20 00:00:00-04:00,AAPL,14.117745876539962
2023-03-20 00:00:00-04:00,GOOGL,9.126692459388348
2023-03-20 00:00:00-04:00,MSFT,24.277365890440333
2023-03-21 00:00:00-04:00,AAPL,14.286370125970686
2023-03-21 00:00:00-04:00,GOOGL,9.460309353343547
2023-03-21 00:00:00-04:00,MSFT,24.415588063320527
2023-03-22 00:00:00-04:00,AAPL,14.156315262487569
2023-03-22 00:00:00-04:00,GOOGL,9.320551317101783
2023-03-22 00:00:00-04:00,MSFT,24.282713072692857
2023-03-23 00:00:00-04:00,AAPL,14.254975475258492
2023-03-23 00:00:00-04:00,GOOGL,9.521622926470473
2023-03-23 00:00:00-04:00,MSFT,24.76160660463544
2023-03-24 00:00:00-04:00,AAPL,14.373372430795515
2023-03-24 00:00:00-04:00,GOOGL,9.50719673195233
2023-03-24 00:00:00-04:00,MSFT,25.02112465786743
2023-03-27 00:00:00-04:00,AAPL,14.196679023451665
2023-03-27 00:00:00-04:00,GOOGL,9.238499441347868
2023-03-27 00:00:00-04:00,MSFT,24.647457811213727
2023-03-28 00:00:00-04:00,AAPL,14.140168652169717
2023-03-28 00:00:00-04:00,GOOGL,9.109560186985169
2023-03-28 00:00:00-04:00,MSFT,24.54489918739003
2023-03-29 00:00:00-04:00,AAPL,14.42001650431731
2023-03-29 00:00:00-04:00,GOOGL,9.142019988660536
2023-03-29 00:00:00-04:00,MSFT,25.015769181123297
2023-03-30 00:00:00-04:00,AAPL,14.562623698424233
2023-03-30 00:00:00-04:00,GOOGL,9.09693666197511
2023-03-30 00:00:00-04:00,MSFT,25.331463061142625
2023-03-31 00:00:00-04:00,AAPL,14.790445734415831
2023-03-31 00:00:00-04:00,GOOGL,9.353011118777149
2023-03-31 00:00:00-04:00,MSFT,25.710479854879374
2023-04-03 00:00:00-04:00,AAPL,14.904356752411632
2023-04-03 00:00:00-04:00,GOOGL,9.409815944510951
2023-04-03 00:00:00-04:00,MSFT,25.61506002349416
2023-04-04 00:00:00-04:00,AAPL,14.855921068703882
2023-04-04 00:00:00-04:00,GOOGL,9.44227574618632
2023-04-04 00:00:00-04:00,MSFT,25.610597587012478
2023-04-05 00:00:00-04:00,AAPL,14.688195389196666
2023-04-05 00:00:00-04:00,GOOGL,9.419734774051241
2023-04-05 00:00:00-04:00,MSFT,25.357322521125994
2023-04-06 00:00:00-04:00,AAPL,14.768922911124855
2023-04-06 00:00:00-04:00,GOOGL,9.775893331349154
2023-04-06 00:00:00-04:00,MSFT,26.004768416905428
2023-04-10 00:00:00-04:00,AAPL,14.5330289523896
2023-04-10 00:00:00-04:00,GOOGL,9.597363385323177
2023-04-10 00:00:00-04:00,MSFT,25.807683001958956
2023-04-11 00:00:00-04:00,AAPL,14.422703919596241
2023-04-11 00:00:00-04:00,GOOGL,9.49908126312776
2023-04-11 00:00:00-04:00,MSFT,25.222666979634504
2023-04-12 00:00:00-04:00,AAPL,14.359920147832922
2023-04-12 00:00:00-04:00,GOOGL,9.435062303323432
2023-04-12 00:00:00-04:00,MSFT,25.281524692039714
2023-04-13 00:00:00-04:00,AAPL,14.849643520976711
2023-04-13 00:00:00-04:00,GOOGL,9.68662801273235
2023-04-13 00:00:00-04:00,MSFT,25.847814517158202
2023-04-14 00:00:00-04:00,AAPL,14.818250252679789
2023-04-14 00:00:00-04:00,GOOGL,9.816468601849092
2023-04-14 00:00:00-04:00,MSFT,25.517851346753524
2023-04-17 00:00:00-04:00,AAPL,14.820044627696275
2023-04-17 00:00:00-04:00,GOOGL,9.55498475410752
2023-04-17 00:00:00-04:00,MSFT,25.755065512068715
2023-04-18 00:00:00-04:00,AAPL,14.931265465582612
2023-04-18 00:00:00-04:00,GOOGL,9.422439469521013
2023-04-18 00:00:00-04:00,MSFT,25.716720077394356
2023-04-19 00:00:00-04:00,AAPL,15.035310185818272
2023-04-19 00:00:00-04:00,GOOGL,9.393585698069458
2023-04-19 00:00:00-04:00,MSFT,25.72386163466337
2023-04-20 00:00:00-04:00,AAPL,14.947410693485203
2023-04-20 00:00:00-04:00,GOOGL,9.493671872188234
2023-04-20 00:00:00-04:00,MSFT,25.51517775562728
2023-04-21 00:00:00-04:00,AAPL,14.801209219684235
2023-04-21 00:00:00-04:00,GOOGL,9.504492036482565
2023-04-21 00:00:00-04:00,MSFT,25.483962818899787
2023-04-24 00:00:00-04:00,AAPL,14.829015120363449
2023-04-24 00:00:00-04:00,GOOGL,9.554984754107524
2023-04-24 00:00:00-04:00,MSFT,25.12813189402014
2023-04-25 00:00:00-04:00,AAPL,14.689095341535456
2023-04-25 00:00:00-04:00,GOOGL,9.363830591863856
2023-04-25 00:00:00-04:00,MSFT,24.561847598562718
2023-04-26 00:00:00-04:00,AAPL,14.688195389196677
2023-04-26 00:00:00-04:00,GOOGL,9.351207758061433
2023-04-26 00:00:00-04:00,MSFT,26.340977339486148
2023-04-27 00:00:00-04:00,AAPL,15.10527007523227
2023-04-27 00:00:00-04:00,GOOGL,9.701054898458132
2023-04-27 00:00:00-04:00,MSFT,27.18461837478014
2023-04-28 00:00:00-04:00,AAPL,15.219182475643338
2023-04-28 00:00:00-04:00,GOOGL,9.678513235115423
2023-04-28 00:00:00-04:00,MSFT,27.40132302719502
2023-05-01 00:00:00-04:00,AAPL,15.211109170484415
2023-05-01 00:00:00-04:00,GOOGL,9.665889710105366
2023-05-01 00:00:00-04:00,MSFT,27.24971907453085
2023-05-02 00:00:00-04:00,AAPL,15.116929365593641
2023-05-02 00:00:00-04:00,GOOGL,9.496375876450369
2023-05-02 00:00:00-04:00,MSFT,27.23634282440795
2023-05-03 00:00:00-04:00,AAPL,15.019166340330957
2023-05-03 00:00:00-04:00,GOOGL,9.504492036482565
2023-05-03 00:00:00-04:00,MSFT,27.146272940105778
2023-05-04 00:00:00-04:00,AAPL,14.870273304005256
2023-05-04 00:00:00-04:00,GOOGL,9.439571741924194
2023-05-04 00:00:00-04:00,MSFT,27.236342824407938
2023-05-05 00:00:00-04:00,AAPL,15.568087500035617
2023-05-05 00:00:00-04:00,GOOGL,9.518918231000708
2023-05-05 00:00:00-04:00,MSFT,27.7036461867525
2023-05-08 00:00:00-04:00,AAPL,15.561808569893175
2023-05-08 00:00:00-04:00,GOOGL,9.717284453691999
2023-05-08 00:00:00-04:00,MSFT,27.525281439350927
2023-05-09 00:00:00-04:00,AAPL,15.40664075067084
2023-05-09 00:00:00-04:00,GOOGL,9.679414569869465
2023-05-09 00:00:00-04:00,MSFT,27.37813439350737
2023-05-10 00:00:00-04:00,AAPL,15.567191694942638
2023-05-10 00:00:00-04:00,GOOGL,10.076149780082579
2023-05-10 00:00:00-04:00,MSFT,27.851677978366897
2023-05-11 00:00:00-04:00,AAPL,15.584234110353465
2023-05-11 00:00:00-04:00,GOOGL,10.51075349170296
2023-05-11 00:00:00-04:00,MSFT,27.655482838852333
2023-05-12 00:00:00-04:00,AAPL,15.49980586275568
2023-05-12 00:00:00-04:00,GOOGL,10.595510754134276
2023-05-12 00:00:00-04:00,MSFT,27.55382278495215
2023-05-15 00:00:00-04:00,AAPL,15.454896720393892
2023-05-15 00:00:00-04:00,GOOGL,10.505343409555795
2023-05-15 00:00:00-04:00,MSFT,27.597515401879036
2023-05-16 00:00:00-04:00,AAPL,15.454896720393892
2023-05-16 00:00:00-04:00,GOOGL,10.775844060875977
2023-05-16 00:00:00-04:00,MSFT,27.800849333832073
2023-05-17 00:00:00-04:00,AAPL,15.510584554592006
2023-05-17 00:00:00-04:00,GOOGL,10.89576582045243
2023-05-17 00:00:00-04:00,MSFT,28.063610533280293
2023-05-18 00:00:00-04:00,AAPL,15.722553052302345
2023-05-18 00:00:00-04:00,GOOGL,11.075197792440084
2023-05-18 00:00:00-04:00,MSFT,28.467585452246364
2023-05-19 00:00:00-04:00,AAPL,15.732433174215156
2023-05-19 00:00:00-04:00,GOOGL,11.068887066746505
2023-05-19 00:00:00-04:00,MSFT,28.451491373708656
2023-05-22 00:00:00-04:00,AAPL,15.646207786770352
2023-05-22 00:00:00-04:00,GOOGL,11.275368758262363
2023-05-22 00:00:00-04:00,MSFT,28.705316640871384
2023-05-23 00:00:00-04:00,AAPL,15.40909039052385
2023-05-23 00:00:00-04:00,GOOGL,11.050852768381647
2023-05-23 00:00:00-04:00,MSFT,28.176219316094635
2023-05-24 00:00:00-04:00,AAPL,15.434237906644746
2023-05-24 00:00:00-04:00,GOOGL,10.901175902599595
2023-05-24 00:00:00-04:00,MSFT,28.050203870021516
2023-05-25 00:00:00-04:00,AAPL,15.537529210559917
2023-05-25 00:00:00-04:00,GOOGL,11.133807361304877
2023-05-25 00:00:00-04:00,MSFT,29.128957799424942
2023-05-26 00:00:00-04:00,AAPL,15.756682120412542
2023-05-26 00:00:00-04:00,GOOGL,11.235695513724105
2023-05-26 00:00:00-04:00,MSFT,29.75189623735207
2023-05-30 00:00:00-04:00,AAPL,15.924641428099866
2023-05-30 00:00:00-04:00,GOOGL,11.150938942500419
2023-05-30 00:00:00-04:00,MSFT,29.60174935037925
2023-05-31 00:00:00-04:00,AAPL,15.920151343312845
2023-05-31 00:00:00-04:00,GOOGL,11.078805205079158
2023-05-31 00:00:00-04:00,MSFT,29.349712928571936
2023-06-01 00:00:00-04:00,AAPL,16.17523184353795
2023-06-01 00:00:00-04:00,GOOGL,11.155446998685907
2023-06-01 00:00:00-04:00,MSFT,29.724189870572058
2023-06-02 00:00:00-04:00,AAPL,16.252475678993452
2023-06-02 00:00:00-04:00,GOOGL,11.241104904663633
2023-06-02 00:00:00-04:00,MSFT,29.97622352754883
2023-06-05 00:00:00-04:00,AAPL,16.12942689608318
2023-06-05 00:00:00-04:00,GOOGL,11.361929381409395
2023-06-05 00:00:00-04:00,MSFT,30.024489174178747
2023-06-06 00:00:00-04:00,AAPL,16.09619501548123
2023-06-06 00:00:00-04:00,GOOGL,11.479145754308446
2023-06-06 00:00:00-04:00,MSFT,29.822498949865178
2023-06-07 00:00:00-04:00,AAPL,15.971346327893404
2023-06-07 00:00:00-04:00,GOOGL,11.04544337744211
2023-06-07 00:00:00-04:00,MSFT,28.901940329118684
2023-06-08 00:00:00-04:00,AAPL,16.218346610883252
2023-06-08 00:00:00-04:00,GOOGL,11.012983575766741
2023-06-08 00:00:00-04:00,MSFT,29.069967375154093
2023-06-09 00:00:00-04:00,AAPL,16.253374248916963
2023-06-09 00:00:00-04:00,GOOGL,11.021099044591308
2023-06-09 00:00:00-04:00,MSFT,29.206713128529195
2023-06-12 00:00:00-04:00,AAPL,16.507557561633828
2023-06-12 00:00:00-04:00,GOOGL,11.148233555823015
2023-06-12 00:00:00-04:00,MSFT,29.65894539963359
2023-06-13 00:00:00-04:00,AAPL,16.464446941534323
2023-06-13 00:00:00-04:00,GOOGL,11.165365828226195
2023-06-13 00:00:00-04:00,MSFT,29.877024172823802
2023-06-14 00:00:00-04:00,AAPL,16.521927768333665
2023-06-14 00:00:00-04:00,GOOGL,11.150938942500419
2023-06-14 00:00:00-04:00,MSFT,30.149614344819973
2023-06-15 00:00:00-04:00,AAPL,16.70695299249136
2023-06-15 00:00:00-04:00,GOOGL,11.278974788486172
2023-06-15 00:00:00-04:00,MSFT,31.11128323077471
2023-06-16 00:00:00-04:00,AAPL,16.609051725701985
2023-06-16 00:00:00-04:00,GOOGL,11.138314726282731
2023-06-16 00:00:00-04:00,MSFT,30.5955898044262
2023-06-20 00:00:00-04:00,AAPL,16.61713470776778
2023-06-20 00:00:00-04:00,GOOGL,11.09954350770615
2023-06-20 00:00:00-04:00,MSFT,30.21306997040302
2023-06-21 00:00:00-04:00,AAPL,16.522827720672442
2023-06-21 00:00:00-04:00,GOOGL,10.869618126885898
2023-06-21 00:00:00-04:00,MSFT,29.8117769370548
2023-06-22 00:00:00-04:00,AAPL,16.79587132487616
2023-06-22 00:00:00-04:00,GOOGL,11.104051563891636
2023-06-22 00:00:00-04:00,MSFT,30.361428012020408
2023-06-23 00:00:00-04:00,AAPL,16.767130911476492
2023-06-23 00:00:00-04:00,GOOGL,11.0310158005087
2023-06-23 00:00:00-04:00,MSFT,29.94226311410121
2023-06-26 00:00:00-04:00,AAPL,16.640487848872187
2023-06-26 00:00:00-04:00,GOOGL,10.670347804610035
2023-06-26 00:00:00-04:00,MSFT,29.36847783340538
2023-06-27 00:00:00-04:00,AAPL,16.891078264310273
2023-06-27 00:00:00-04:00,GOOGL,10.669447161063623
2023-06-27 00:00:00-04:00,MSFT,-8.563151567028166
2023-06-28 00:00:00-04:00,AAPL,-4.867763695796579
2023-06-28 00:00:00-04:00,GOOGL,-3.1032159288901626
2023-06-28 00:00:00-04:00,MSFT,2.389480150876402
2023-06-29 00:00:00-04:00,AAPL,1.3555657508364816
2023-06-29 00:00:00-04:00,GOOGL,0.8548758121531849
2023-06-29 00:00:00-04:00,MSFT,-0.67403683666219
2023-06-30 00:00:00-04:00,AAPL,-0.3921530973991609
2023-06-30 00:00:00-04:00,GOOGL,-0.242941291958346
2023-06-30 00:00:00-04:00,MSFT,0.19919869502013401
2023-07-03 00:00:00-04:00,AAPL,0.11313733635760566
2023-07-03 00:00:00-04:00,GOOGL,0.07075722103540973
2023-07-03 00:00:00-04:00,MSFT,-0.05619265063220718
2023-07-05 00:00:00-04:00,AAPL,-0.031967288359607805
2023-07-05 00:00:00-04:00,GOOGL,-0.020421037906041942
2023-07-05 00:00:00-04:00,MSFT,0.015377175259058124
2023-07-06 00:00:00-04:00,AAPL,0.008765676441566329
2023-07-06 00:00:00-04:00,GOOGL,0.005510353958939693
2023-07-06 00:00:00-04:00,MSFT,-0.004498346703834499
2023-07-07 00:00:00-04:00,AAPL,-0.0025258466909655096
2023-07-07 00:00:00-04:00,GOOGL,-0.0015888512771906678
2023-07-07 00:00:00-04:00,MSFT,0.001267260431096435
2023-07-10 00:00:00-04:00,AAPL,0.0007123023057047083
2023-07-10 00:00:00-04:00,GOOGL,0.00044149438054224134
2023-07-10 00:00:00-04:00,MSFT,-0.00036401618792180945
2023-07-11 00:00:00-04:00,AAPL,-0.00020734557260757938
2023-07-11 00:00:00-04:00,GOOGL,-0.00012964132894700332
2023-07-11 00:00:00-04:00,MSFT,0.0001054356304015116
2023-07-12 00:00:00-04:00,AAPL,6.0479692699022276e-05
2023-07-12 00:00:00-04:00,GOOGL,3.8050425445284095e-05
2023-07-12 00:00:00-04:00,MSFT,-3.083479950565379e-05
2023-07-13 00:00:00-04:00,AAPL,-1.751002465417321e-05
2023-07-13 00:00:00-04:00,GOOGL,-1.1489353617442419e-05
2023-07-13 00:00:00-04:00,MSFT,8.355373805148836e-06
2023-07-14 00:00:00-04:00,AAPL,4.672802734662979e-06
2023-07-14 00:00:00-04:00,GOOGL,3.0853358041556853e-06
2023-07-14 00:00:00-04:00,MSFT,-2.2476119442600065e-06
2023-07-17 00:00:00-04:00,AAPL,-1.2691900617344385e-06
2023-07-17 00:00:00-04:00,GOOGL,-8.187017384736318e-07
2023-07-17 00:00:00-04:00,MSFT,6.133986096217774e-07
2023-07-18 00:00:00-04:00,AAPL,3.4542176269978947e-07
2023-07-18 00:00:00-04:00,GOOGL,2.215231962956428e-07
2023-07-18 00:00:00-04:00,MSFT,-1.9476544105595872e-07
2023-07-19 00:00:00-04:00,AAPL,-1.0622564660843498e-07
2023-07-19 00:00:00-04:00,GOOGL,-6.669984663674666e-08
2023-07-19 00:00:00-04:00,MSFT,5.897647803161451e-08
2023-07-20 00:00:00-04:00,AAPL,3.2236615251696256e-08
2023-07-20 00:00:00-04:00,GOOGL,1.9973861308310744e-08
2023-07-20 00:00:00-04:00,MSFT,-1.7665124921987776e-08
2023-07-21 00:00:00-04:00,AAPL,-9.823416503805822e-09
2023-07-21 00:00:00-04:00,GOOGL,-6.166472218693509e-09
2023-07-21 00:00:00-04:00,MSFT,5.174306219930472e-09
2023-07-24 00:00:00-04:00,AAPL,2.9155845253608523e-09
2023-07-24 00:00:00-04:00,GOOGL,1.8454438361247444e-09
2023-07-24 00:00:00-04:00,MSFT,5.194475348520561e-09
2023-07-25 00:00:00-04:00,AAPL,2.9287440948551054e-09
2023-07-25 00:00:00-04:00,GOOGL,1.8557697119649868e-09
2023-07-25 00:00:00-04:00,MSFT,5.2828286664422975e-09
2023-07-26 00:00:00-04:00,AAPL,2.942055226159223e-09
2023-07-26 00:00:00-04:00,GOOGL,1.9629764110598443e-09
2023-07-26 00:00:00-04:00,MSFT,5.083996334497062e-09
2023-07-27 00:00:00-04:00,AAPL,2.922693263152542e-09
2023-07-27 00:00:00-04:00,GOOGL,1.964950439609518e-09
2023-07-27 00:00:00-04:00,MSFT,4.977882114346578e-09
2023-07-28 00:00:00-04:00,AAPL,2.9621731357045034e-09
2023-07-28 00:00:00-04:00,GOOGL,2.0132390566131213e-09
2023-07-28 00:00:00-04:00,MSFT,5.0930271833520986e-09
2023-07-31 00:00:00-04:00,AAPL,2.9715511099950356e-09
2023-07-31 00:00:00-04:00,GOOGL,2.015364879786499e-09
2023-07-31 00:00:00-04:00,MSFT,5.056150867973271e-09
2023-08-01 00:00:00-04:00,AAPL,2.9588452946750138e-09
2023-08-01 00:00:00-04:00,GOOGL,1.997598390025593e-09
2023-08-01 00:00:00-04:00,MSFT,5.062472229357956e-09
2023-08-02 00:00:00-04:00,AAPL,2.9130130964976414e-09
2023-08-02 00:00:00-04:00,GOOGL,1.9494618004595333e-09
2023-08-02 00:00:00-04:00,MSFT,4.929415394755346e-09
2023-08-03 00:00:00-04:00,AAPL,6.967146001712684e-09
2023-08-03 00:00:00-04:00,GOOGL,4.699540453058498e-09
2023-08-03 00:00:00-04:00,MSFT,1.1846337196746403e-08
2023-08-04 00:00:00-04:00,AAPL,1.706009094709743e-08
2023-08-04 00:00:00-04:00,GOOGL,1.2055991122905621e-08
2023-08-04 00:00:00-04:00,MSFT,3.057519394063194e-08
2023-08-07 00:00:00-04:00,AAPL,4.438464467160878e-08
2023-08-07 00:00:00-04:00,GOOGL,3.2768358737425766e-08
2023-08-07 00:00:00-04:00,MSFT,8.151834029314463e-08
2023-08-08 00:00:00-04:00,AAPL,1.1841628452250505e-07
2023-08-08 00:00:00-04:00,GOOGL,1.4995590225384488e-07
2023-08-08 00:00:00-04:00,MSFT,3.6882410700150095e-07
2023-08-09 00:00:00-04:00,AAPL,5.35082711758728e-07
2023-08-09 00:00:00-04:00,GOOGL,6.79297795398516e-07
2023-08-09 00:00:00-04:00,MSFT,1.6733508964556429e-06
2023-08-10 00:00:00-04:00,AAPL,2.4179174556496083e-06
2023-08-10 00:00:00-04:00,GOOGL,3.0669998782695435e-06
2023-08-10 00:00:00-04:00,MSFT,7.569764698004931e-06
2023-08-11 00:00:00-04:00,AAPL,1.0945664202064972e-05
2023-08-11 00:00:00-04:00,GOOGL,1.3894720209354097e-05
2023-08-11 00:00:00-04:00,MSFT,3.4124341032788015e-05
2023-08-14 00:00:00-04:00,AAPL,4.9051102020449694e-05
2023-08-14 00:00:00-04:00,GOOGL,6.21152487481278e-05
2023-08-14 00:00:00-04:00,MSFT,0.0001519146462342954
2023-08-15 00:00:00-04:00,AAPL,0.00022011295290904706
2023-08-15 00:00:00-04:00,GOOGL,0.000278835599022006
2023-08-15 00:00:00-04:00,MSFT,0.0006854475654342567
2023-08-16 00:00:00-04:00,AAPL,0.0009924897302764262
2023-08-16 00:00:00-04:00,GOOGL,0.0012597296135151495
2023-08-16 00:00:00-04:00,MSFT,0.0031151334202161266
2023-08-17 00:00:00-04:00,AAPL,0.004531444467586486
2023-08-17 00:00:00-04:00,GOOGL,0.005670828973784307
2023-08-17 00:00:00-04:00,MSFT,0.013738860783210006
2023-08-18 00:00:00-04:00,AAPL,0.019880740848320477
2023-08-18 00:00:00-04:00,GOOGL,0.02520233360907918
2023-08-18 00:00:00-04:00,MSFT,0.06215821304238636
2023-08-21 00:00:00-04:00,AAPL,0.08963599445558093
2023-08-21 00:00:00-04:00,GOOGL,0.11366828939204074
2023-08-21 00:00:00-04:00,MSFT,0.2831099738847266
2023-08-22 00:00:00-04:00,AAPL,0.40968439620485547
2023-08-22 00:00:00-04:00,GOOGL,0.5202310452571695
2023-08-22 00:00:00-04:00,MSFT,1.2909173771411147
2023-08-23 00:00:00-04:00,AAPL,1.8537136210110028
2023-08-23 00:00:00-04:00,GOOGL,2.349220580687988
2023-08-23 00:00:00-04:00,MSFT,5.764575826665853
2023-08-24 00:00:00-04:00,AAPL,8.406787679250812
2023-08-24 00:00:00-04:00,GOOGL,10.612191993650129
2023-08-24 00:00:00-04:00,MSFT,25.989140274510437
2023-08-25 00:00:00-04:00,AAPL,37.410177842684504
2023-08-25 00:00:00-04:00,GOOGL,47.54776682481668
2023-08-25 00:00:00-04:00,MSFT,117.4488547617522
2023-08-28 00:00:00-04:00,AAPL,169.09882929528393
2023-08-28 00:00:00-04:00,GOOGL,214.93988396675113
2023-08-28 00:00:00-04:00,MSFT,527.5220969190626
2023-08-29 00:00:00-04:00,AAPL,753.7342159301428
2023-08-29 00:00:00-04:00,GOOGL,955.1804635644536
2023-08-29 00:00:00-04:00,MSFT,2315.468708093557
2023-08-30 00:00:00-04:00,AAPL,3302.36371268733
2023-08-30 00:00:00-04:00,GOOGL,4207.374434632053
2023-08-30 00:00:00-04:00,MSFT,10112.524474593432
2023-08-31 00:00:00-04:00,AAPL,14422.577405491582
2023-08-31 00:00:00-04:00,GOOGL,18365.018732636683
2023-08-31 00:00:00-04:00,MSFT,43908.770960709895
2023-09-01 00:00:00-04:00,AAPL,62330.03086053922
2023-09-01 00:00:00-04:00,GOOGL,79916.38870796905
2023-09-01 00:00:00-04:00,MSFT,192316.3506974622
2023-09-05 00:00:00-04:00,AAPL,273164.408295963
2023-09-05 00:00:00-04:00,GOOGL,350326.7572200931
2023-09-05 00:00:00-04:00,MSFT,854900.8805480136
2023-09-06 00:00:00-04:00,AAPL,1239033.8018289849
2023-09-06 00:00:00-04:00,GOOGL,913143.1974344034
2023-09-06 00:00:00-04:00,MSFT,2245529.982125788
2023-09-07 00:00:00-04:00,AAPL,1202792.810816467
2023-09-07 00:00:00-04:00,GOOGL,918575.9048960705
2023-09-07 00:00:00-04:00,MSFT,2225494.8625292424
2023-09-08 00:00:00-04:00,AAPL,1206992.728804877
2023-09-08 00:00:00-04:00,GOOGL,926182.2367702138
2023-09-08 00:00:00-04:00,MSFT,2254906.262332355
2023-09-11 00:00:00-04:00,AAPL,1214986.0774418665
2023-09-11 00:00:00-04:00,GOOGL,929849.3689702237
2023-09-11 00:00:00-04:00,MSFT,2279663.257149526
2023-09-12 00:00:00-04:00,AAPL,1194257.6178873468
2023-09-12 00:00:00-04:00,GOOGL,919119.3109991895
2023-09-12 00:00:00-04:00,MSFT,2238041.8272830755
2023-09-13 00:00:00-04:00,AAPL,1180099.9054011414
2023-09-13 00:00:00-04:00,GOOGL,928423.4355381075
2023-09-13 00:00:00-04:00,MSFT,2266981.143684858
2023-09-14 00:00:00-04:00,AAPL,1190464.1872387677
2023-09-14 00:00:00-04:00,GOOGL,937863.1252707909
2023-09-14 00:00:00-04:00,MSFT,2284789.9537782627
2023-09-15 00:00:00-04:00,AAPL,1185519.0771675787
2023-09-15 00:00:00-04:00,GOOGL,933109.1808645428
2023-09-15 00:00:00-04:00,MSFT,2227585.8150800834
2023-09-18 00:00:00-04:00,AAPL,1205570.2313569349
2023-09-18 00:00:00-04:00,GOOGL,1472530.2711871145
2023-09-18 00:00:00-04:00,MSFT,3482451.9195164456
2023-09-19 00:00:00-04:00,AAPL,1903038.3875582598
2023-09-19 00:00:00-04:00,GOOGL,2335358.043091062
2023-09-19 00:00:00-04:00,MSFT,5522904.618498988
2023-09-20 00:00:00-04:00,AAPL,2961426.064871872
2023-09-20 00:00:00-04:00,GOOGL,3660241.1733095073
2023-09-20 00:00:00-04:00,MSFT,8720221.599203143
2023-09-21 00:00:00-04:00,AAPL,4748131.828920995
2023-09-21 00:00:00-04:00,GOOGL,5926337.677090841
2023-09-21 00:00:00-04:00,MSFT,14420242.962979982
2023-09-22 00:00:00-04:00,AAPL,7921219.366840206
2023-09-22 00:00:00-04:00,GOOGL,9924734.390142687
2023-09-22 00:00:00-04:00,MSFT,23993829.135157693
2023-09-25 00:00:00-04:00,AAPL,13382930.391970191
2023-09-25 00:00:00-04:00,GOOGL,16775596.219088081
2023-09-25 00:00:00-04:00,MSFT,40357664.31162536
2023-09-26 00:00:00-04:00,AAPL,21946716.50897594
2023-09-26 00:00:00-04:00,GOOGL,27442828.493274853
2023-09-26 00:00:00-04:00,MSFT,66179571.03085726
2023-09-27 00:00:00-04:00,AAPL,96073471.59753716
2023-09-27 00:00:00-04:00,GOOGL,118373316.09172595
2023-09-27 00:00:00-04:00,MSFT,281739921.2176792
2023-09-28 00:00:00-04:00,AAPL,409090178.9738057
2023-09-28 00:00:00-04:00,GOOGL,500270738.7030962
2023-09-28 00:00:00-04:00,MSFT,-177415002.39806008
2023-09-29 00:00:00-04:00,AAPL,-257577078.29001525
2023-09-29 00:00:00-04:00,GOOGL,-317782389.0752489
2023-09-29 00:00:00-04:00,MSFT,126078506.56126113
2023-10-02 00:00:00-04:00,AAPL,182488413.24885237
2023-10-02 00:00:00-04:00,GOOGL,223701626.60166976
2023-10-02 00:00:00-04:00,MSFT,-85545072.00667381
2023-10-03 00:00:00-04:00,AAPL,-125068636.11621697
2023-10-03 00:00:00-04:00,GOOGL,-153821465.29351202
2023-10-03 00:00:00-04:00,MSFT,53934272.37692378
2023-10-04 00:00:00-04:00,AAPL,77856600.83790445
2023-10-04 00:00:00-04:00,GOOGL,94927577.98939179
2023-10-04 00:00:00-04:00,MSFT,-32531527.56002854
2023-10-05 00:00:00-04:00,AAPL,-47148853.94972151
2023-10-05 00:00:00-04:00,GOOGL,-57795804.13857228
2023-10-05 00:00:00-04:00,MSFT,20146945.60958812
2023-10-06 00:00:00-04:00,AAPL,29049984.539014503
2023-10-06 00:00:00-04:00,GOOGL,35524990.216190144
2023-10-06 00:00:00-04:00,MSFT,-12887695.760205101
2023-10-09 00:00:00-04:00,AAPL,-18697144.064095713
2023-10-09 00:00:00-04:00,GOOGL,-22898382.312004536
2023-10-09 00:00:00-04:00,MSFT,8399367.382968998
2023-10-10 00:00:00-04:00,AAPL,12236741.421572983
2023-10-10 00:00:00-04:00,GOOGL,14979175.61403074
2023-10-10 00:00:00-04:00,MSFT,-5432852.62348937
2023-10-11 00:00:00-04:00,AAPL,-7878657.212644908
2023-10-11 00:00:00-04:00,GOOGL,-9582932.081071343
2023-10-11 00:00:00-04:00,MSFT,-22513344.136930022
2023-10-12 00:00:00-04:00,AAPL,-32736751.809337396
2023-10-12 00:00:00-04:00,GOOGL,-40234365.08466613
2023-10-12 00:00:00-04:00,MSFT,-95235601.06262575
2023-10-13 00:00:00-04:00,AAPL,-138821834.49897414
2023-10-13 00:00:00-04:00,GOOGL,-170755633.54344335
2023-10-13 00:00:00-04:00,MSFT,-404684320.4581664
2023-10-16 00:00:00-04:00,AAPL,-587759370.1046942
2023-10-16 00:00:00-04:00,GOOGL,-458620613.63637084
2023-10-16 00:00:00-04:00,MSFT,-1089397153.0166774
2023-10-17 00:00:00-04:00,AAPL,-582596029.8752811
2023-10-17 00:00:00-04:00,GOOGL,-460664789.657843
2023-10-17 00:00:00-04:00,MSFT,-1087497599.4536598
2023-10-18 00:00:00-04:00,AAPL,-578287837.5415933
2023-10-18 00:00:00-04:00,GOOGL,-454861946.2051145
2023-10-18 00:00:00-04:00,MSFT,-1081111362.8541224
2023-10-19 00:00:00-04:00,AAPL,-577038099.3240594
2023-10-19 00:00:00-04:00,GOOGL,-454169517.53125703
2023-10-19 00:00:00-04:00,MSFT,-1085074149.644777
2023-10-20 00:00:00-04:00,AAPL,-568553295.3135717
2023-10-20 00:00:00-04:00,GOOGL,-447080944.5326411
2023-10-20 00:00:00-04:00,MSFT,-1069845369.384811
2023-10-23 00:00:00-04:00,AAPL,-568947835.0857617
2023-10-23 00:00:00-04:00,GOOGL,-450048257.68668616
2023-10-23 00:00:00-04:00,MSFT,-1078524132.2813833
2023-10-24 00:00:00-04:00,AAPL,-570394919.0138181
2023-10-24 00:00:00-04:00,GOOGL,-457664417.05331564
2023-10-24 00:00:00-04:00,MSFT,-1082487020.1712747
2023-10-25 00:00:00-04:00,AAPL,-562699346.1965659
2023-10-25 00:00:00-04:00,GOOGL,-414143293.3563262
2023-10-25 00:00:00-04:00,MSFT,-1115695592.027801
2023-10-26 00:00:00-04:00,AAPL,-548853755.1469053
2023-10-26 00:00:00-04:00,GOOGL,-694543417.1463832
2023-10-26 00:00:00-04:00,MSFT,-1849939564.595899
2023-10-27 00:00:00-04:00,AAPL,-953062890.947735
2023-10-27 00:00:00-04:00,GOOGL,-1212207144.687115
2023-10-27 00:00:00-04:00,MSFT,826170211.2510277
2023-10-30 00:00:00-04:00,AAPL,428360500.40038425
2023-10-30 00:00:00-04:00,GOOGL,542850758.8639164
2023-10-30 00:00:00-04:00,MSFT,-375685251.50909346
2023-10-31 00:00:00-04:00,AAPL,-190994646.71731088
2023-10-31 00:00:00-04:00,GOOGL,-242862292.88396358
2023-10-31 00:00:00-04:00,MSFT,171632952.00791037
2023-11-01 00:00:00-04:00,AAPL,88681220.15745409
2023-11-01 00:00:00-04:00,GOOGL,112741075.89047228
2023-11-01 00:00:00-04:00,MSFT,-81005278.18813077
2023-11-02 00:00:00-04:00,AAPL,-41738188.14135821
2023-11-02 00:00:00-04:00,GOOGL,-53433595.270849854
2023-11-02 00:00:00-04:00,MSFT,38144169.6406369
2023-11-03 00:00:00-04:00,AAPL,19425758.43638021
2023-11-03 00:00:00-04:00,GOOGL,24618706.555322133
2023-11-03 00:00:00-04:00,MSFT,-17589731.42279014
2023-11-06 00:00:00-05:00,AAPL,-8973377.417280497
2023-11-06 00:00:00-05:00,GOOGL,-11409084.98975745
2023-11-06 00:00:00-05:00,MSFT,8202742.120102589
2023-11-07 00:00:00-05:00,AAPL,4200676.852484676
2023-11-07 00:00:00-05:00,GOOGL,5367815.724411747
2023-11-07 00:00:00-05:00,MSFT,-3941885.6082218895
2023-11-08 00:00:00-05:00,AAPL,-2008015.7590598213
2023-11-08 00:00:00-05:00,GOOGL,-2564841.318931301
2023-11-08 00:00:00-05:00,MSFT,1888821.2475183143
2023-11-09 00:00:00-05:00,AAPL,952594.9932230777
2023-11-09 00:00:00-05:00,GOOGL,681873.9418467337
2023-11-09 00:00:00-05:00,MSFT,-512020.08077070006
2023-11-10 00:00:00-05:00,AAPL,-266063.4128268614
2023-11-10 00:00:00-05:00,GOOGL,-189486.51838477698
2023-11-10 00:00:00-05:00,MSFT,145794.72665494765
2023-11-13 00:00:00-05:00,AAPL,73285.13844409303
2023-11-13 00:00:00-05:00,GOOGL,52445.974258302376
2023-11-13 00:00:00-05:00,MSFT,-39723.5341697829
2023-11-14 00:00:00-05:00,AAPL,-20417.81803394507
2023-11-14 00:00:00-05:00,GOOGL,-14572.926514442994
2023-11-14 00:00:00-05:00,MSFT,10966.59559147468
2023-11-15 00:00:00-05:00,AAPL,5599.131108334658
2023-11-15 00:00:00-05:00,GOOGL,4014.001590863419
2023-11-15 00:00:00-05:00,MSFT,-2943.045057991784
2023-11-16 00:00:00-05:00,AAPL,-1515.5796256472042
2023-11-16 00:00:00-05:00,GOOGL,-1095.2552851059695
2023-11-16 00:00:00-05:00,MSFT,804.282773602981
2023-11-17 00:00:00-05:00,AAPL,406.9816279451965
2023-11-17 00:00:00-05:00,GOOGL,290.66220138968754
2023-11-17 00:00:00-05:00,MSFT,-209.44563849549309
2023-11-20 00:00:00-05:00,AAPL,-108.79447809643668
2023-11-20 00:00:00-05:00,GOOGL,-77.52045314884629
2023-11-20 00:00:00-05:00,MSFT,-213.7438451763122
2023-11-21 00:00:00-05:00,AAPL,-108.33417714515333
2023-11-21 00:00:00-05:00,GOOGL,-77.93009901325688
2023-11-21 00:00:00-05:00,MSFT,-211.26913439183517
2023-11-22 00:00:00-05:00,AAPL,-108.71493207659981
2023-11-22 00:00:00-05:00,GOOGL,-78.79491664157678
2023-11-22 00:00:00-05:00,MSFT,-213.97601941295866
2023-11-24 00:00:00-05:00,AAPL,-107.95343965992244
2023-11-24 00:00:00-05:00,GOOGL,-77.77078889588866
2023-11-24 00:00:00-05:00,MSFT,-213.7381751562559
2023-11-27 00:00:00-05:00,AAPL,-107.85114377499787
2023-11-27 00:00:00-05:00,GOOGL,-77.61148750162818
2023-11-27 00:00:00-05:00,MSFT,-214.40643499699112
2023-11-28 00:00:00-05:00,AAPL,-108.19779135502839
2023-11-28 00:00:00-05:00,GOOGL,-78.06095435305
2023-11-28 00:00:00-05:00,MSFT,-216.7225945744767
2023-11-29 00:00:00-05:00,AAPL,-107.61247954616387
2023-11-29 00:00:00-05:00,GOOGL,-76.80357070535085
2023-11-29 00:00:00-05:00,MSFT,-214.54232356997272
2023-11-30 00:00:00-05:00,AAPL,-107.94208217359419
2023-11-30 00:00:00-05:00,GOOGL,-75.40393061599144
2023-11-30 00:00:00-05:00,MSFT,-214.57630879787985
2023-12-01 00:00:00-05:00,AAPL,-108.67514598201977
2023-12-01 00:00:00-05:00,GOOGL,-75.02273080604826
2023-12-01 00:00:00-05:00,MSFT,-212.08460539944934
2023-12-04 00:00:00-05:00,AAPL,-107.64657817447214
2023-12-04 00:00:00-05:00,GOOGL,-73.54912748583054
2023-12-04 00:00:00-05:00,MSFT,-209.04357301174272
2023-12-05 00:00:00-05:00,AAPL,-109.91396685636522
2023-12-05 00:00:00-05:00,GOOGL,-74.52773805512776
2023-12-05 00:00:00-05:00,MSFT,-210.95764965926213
2023-12-06 00:00:00-05:00,AAPL,-109.28887767602836
2023-12-06 00:00:00-05:00,GOOGL,-73.97585319527246
2023-12-06 00:00:00-05:00,MSFT,-208.85101913062863
2023-12-07 00:00:00-05:00,AAPL,-110.3970002265207
2023-12-07 00:00:00-05:00,GOOGL,-77.9073404250615
2023-12-07 00:00:00-05:00,MSFT,-210.0685730682088
2023-12-08 00:00:00-05:00,AAPL,-111.21530624416285
2023-12-08 00:00:00-05:00,GOOGL,-76.80357070535091
2023-12-08 00:00:00-05:00,MSFT,-211.92603674624232
2023-12-11 00:00:00-05:00,AAPL,-109.77758106624024
2023-12-11 00:00:00-05:00,GOOGL,-75.83632634548978
2023-12-11 00:00:00-05:00,MSFT,-210.26676207694823
2023-12-12 00:00:00-05:00,AAPL,-110.64703938789859
2023-12-12 00:00:00-05:00,GOOGL,-75.39823442661182
2023-12-12 00:00:00-05:00,MSFT,61.21449607035531
2023-12-13 00:00:00-05:00,AAPL,32.480665058254914
2023-12-13 00:00:00-05:00,GOOGL,21.778153340015088
2023-12-13 00:00:00-05:00,MSFT,-17.656552270185696
2023-12-14 00:00:00-05:00,AAPL,-9.375989571920087
2023-12-14 00:00:00-05:00,GOOGL,-6.251948994558667
2023-12-14 00:00:00-05:00,MSFT,4.754595152058785
2023-12-15 00:00:00-05:00,AAPL,2.575979451555091
2023-12-15 00:00:00-05:00,GOOGL,1.7309843529694986
2023-12-15 00:00:00-05:00,MSFT,-1.3549947078545423
2023-12-18 00:00:00-05:00,AAPL,-0.7184522770977432
2023-12-18 00:00:00-05:00,GOOGL,-0.49867049457542056
2023-12-18 00:00:00-05:00,MSFT,0.3646710141920454
2023-12-19 00:00:00-05:00,AAPL,0.1933926206426157
2023-12-19 00:00:00-05:00,GOOGL,0.13435190293115928
2023-12-19 00:00:00-05:00,MSFT,-0.09656416496618636
2023-12-20 00:00:00-05:00,AAPL,-0.14254980231541278
2023-12-20 00:00:00-05:00,GOOGL,-0.10134137660702544
2023-12-20 00:00:00-05:00,MSFT,-0.2702301334771027
2023-12-21 00:00:00-05:00,AAPL,-0.3980202282528699
2023-12-21 00:00:00-05:00,GOOGL,-0.28743592398232504
2023-12-21 00:00:00-05:00,MSFT,-0.7610534525607503
2023-12-22 00:00:00-05:00,AAPL,-1.1262946741188944
2023-12-22 00:00:00-05:00,GOOGL,-0.8241394390510262
2023-12-22 00:00:00-05:00,MSFT,-2.1716277222729556
2023-12-26 00:00:00-05:00,AAPL,-3.2201605886697426
2023-12-26 00:00:00-05:00,GOOGL,-2.363490327344054
2023-12-26 00:00:00-05:00,MSFT,-6.227865957002142
2023-12-27 00:00:00-05:00,AAPL,-9.233903405290963
2023-12-27 00:00:00-05:00,GOOGL,-6.718823095778873
2023-12-27 00:00:00-05:00,MSFT,-17.821233405865108
2023-12-28 00:00:00-05:00,AAPL,-26.388005920505957
2023-12-28 00:00:00-05:00,GOOGL,-19.138824482076274
2023-12-28 00:00:00-05:00,MSFT,-50.97951120770254
2023-12-29 00:00:00-05:00,AAPL,-75.71414779927284
2023-12-29 00:00:00-05:00,GOOGL,-55.00120812510182
2023-12-29 00:00:00-05:00,MSFT,-147.36925414802565
